"ML1","ML2","ML3"
0.896375967466117,NA,NA
0.836202567356316,NA,NA
0.587627044023172,NA,NA
0.576124263448224,NA,NA
-0.550935660892173,NA,NA
NA,0.725498994315604,NA
NA,0.662390557994054,NA
NA,0.589556975886276,NA
NA,-0.491305171980328,NA
NA,-0.403088889603769,NA
NA,-0.384752840029339,NA
NA,NA,0.59566667702494
NA,NA,0.527906886809838
NA,NA,0.491202587706699
NA,NA,0.447957012573894
NA,NA,-0.430885566856465
